id,log_price,property_type,room_type,amenities,accommodates,bathrooms,bed_type,cancellation_policy,cleaning_fee,city,description,first_review,host_has_profile_pic,host_identity_verified,host_response_rate,host_since,instant_bookable,last_review,latitude,longitude,name,neighbourhood,number_of_reviews,review_scores_rating,thumbnail_url,zipcode,bedrooms,beds
9806843,4.941642422609304,Apartment,Entire home/apt,"{TV,Internet,""Wireless Internet"",""Air conditioning"",Kitchen,Doorman,Gym,Elevator,""Buzzer/wireless intercom"",Heating,Washer,Dryer,""Smoke detector"",""Fire extinguisher"",Essentials,Shampoo}",2,1.0,Real Bed,flexible,True,NYC,"Sitting in southern end of Williamsburg, a short walk to the Marcy JMZ and Bedford L, this part of the Burg is bustling with great bars, restaurants and coffee shops. The large windows fill the large rooms with light. The kitchen and bathroom are under two years old, with quality fittings to match. A comfy Queen size bed barely fills the bedroom which contains blackout curtains which compliment the double glazed windows for a good night's sleep. Take the elevator to the roof for stunning views.",2015-08-23,t,t,,2014-12-21,f,2015-08-23,40.711813284843004,-73.96651453833404,Light-filled spacious 1BR in W'burg,Williamsburg,1,,https://a0.muscache.com/im/pictures/101722412/4771587f_original.jpg?aki_policy=small,11249.0,1.0,1.0
15498439,3.8918202981106265,House,Private room,"{TV,""Cable TV"",Internet,""Wireless Internet"",""Air conditioning"",Kitchen,Heating,""24-hour check-in"",""Laptop friendly workspace""}",3,1.0,Real Bed,strict,True,NYC,"This is a large private room, with everything you need, inside a private house. The bathroom will be shared with another guest. This is a great neighborhood in Astoria, Queens 20 mins from Midtown Manhattan and close to everything Astoria has to offer. Hi Potential Guest! This is a private room in a private house. The bathroom will be shared with another guest. Heat and hot water is provided (It should go without saying but please ask us how to use the shower if you are not sure how to use the shower knobs). We got a few reviews claiming the water was not hot enough simply because they didn't know how to use the shower knobs. This is a great neighborhood in Astoria, Queens 20 mins from Midtown Manhattan and close to everything Astoria has to offer. 10 min walk to the R/M train  15 min walk to the N/Q train.  Steps from the Q18 bus. Features:  * Clean Towels/Bed Linens  * Free Wifi  * Large windows.  * TV * Directv (Satellite TV) * Very safe and quiet neighborhood.  * Brick house with w",2016-03-16,t,t,100%,2013-05-02,t,2017-09-11,40.764248511762574,-73.90489147711679,Nice clean large Bedroom in Astoria,Astoria,80,88.0,https://a0.muscache.com/im/pictures/b014827a-5522-479a-b3d4-9f5e8495d663.jpg?aki_policy=small,11103,1.0,1.0
2430258,4.4998096703302615,Apartment,Entire home/apt,"{Internet,""Wireless Internet"",""Air conditioning"",Kitchen,""Pets allowed"",""Buzzer/wireless intercom"",Heating,""Smoke detector"",""Carbon monoxide detector"",""Fire extinguisher"",Essentials,Shampoo}",2,1.0,Real Bed,flexible,True,NYC,"OVERVIEW: This is a spacious, comfortable flat in Carroll Gardens, the heart of brownstone Brooklyn-- in other words, that cute neighborhood you see in films and TV shows when they want to show the cozy, charming side of NYC life.  I'm on a beautiful tree-lined street where birds will welcome your stay with a song as you sip your morning coffee or tea.  My flat is on the top floor, with lots of natural light. The neighborhood of Carroll Gardens is simply adorable.  It's not surprising to walk down the street and hear Italian being spoken, and then turn the corner and overhear a French conversation. Everybody loves this location; it’s a clean, safe, convenient and reliable place for you to stay on your visit to the city.  There are two trains just 4 blocks away;  the G and the F, and I'm only 15/20 minutes from the city. FLAT DETAILS: -Half of the top floor of a small four-story building  -Peaceful bedroom with a queen-size memory foam bed -Huge, sunny living room with a large sofa (I'm",2013-07-23,t,f,33%,2013-05-06,f,2015-01-04,40.67744009164737,-73.99875979775263,Wonderful Flat - Carroll Gardens,Carroll Gardens,12,90.0,https://a0.muscache.com/im/pictures/58306693/7002ff78_original.jpg?aki_policy=small,11231.0,1.0,1.0
12605732,3.6375861597263857,House,Private room,"{Internet,""Wireless Internet"",""Air conditioning"",Heating,""Smoke detector"",""Carbon monoxide detector"",""First aid kit"",""Fire extinguisher"",Essentials,Shampoo,""24-hour check-in"",Hangers,""Hair dryer"",Iron,""Laptop friendly workspace"",""translation missing: en.hosting_amenity_49"",""translation missing: en.hosting_amenity_50"",""Hot water"",""Bed linens"",""Extra pillows and blankets"",""Ethernet connection"",Microwave,""Coffee maker"",Refrigerator,""Dishes and silverware"",""Luggage dropoff allowed"",""Long term stays allowed"",""Well-lit path to entrance""}",1,3.0,Real Bed,strict,True,Boston,"Nice room, shared 3 bathrooms with other guests mixed gender, personal space in refrigerator, shared microwave, toaster, electric tea-pot.  Ethernet connection port is available for guest who provide cable.Please clean after yourself and keep your room tidy. Outdoor shoes stored on shoes rack by the main door, not in your room. Guests staying less than 90 days pay 14% State mandated occupancy tax. Sept1-one year at $38 per night with contract The best feature about listing is the convenient location to main universities of Boston and Cambridge. Very easy access to Downtown Boston, Harvard square, Boston University, MIT by bus about 15-20 min.  Please email me if there are special requests BEFORE booking Shared microwave, toaster, personal space in refrigerator Automatic food disposal, electric tea pot The guest must agree to recycle  Upon request: iron with board, ear plugs, more essentials (q-tips, ear plugs, tooth brush/paste, sanitary product, etc.) NO PARKING after 6 pm (resident p",2016-03-19,t,f,100%,2015-12-06,f,2017-08-25,42.35602509198839,-71.13878860857865,Private room near Boston University for one,Allston-Brighton,5,100.0,https://a0.muscache.com/im/pictures/c7a63471-0a47-403f-bd7f-16b418e3dfdb.jpg?aki_policy=small,02134,1.0,1.0
9316306,5.293304824724492,House,Private room,"{TV,""Cable TV"",Internet,""Wireless Internet"",""Air conditioning"",Kitchen,Gym,Breakfast,""Pets live on this property"",Dog(s),""Indoor fireplace"",Heating,""Family/kid friendly"",""Suitable for events"",Washer,Dryer,""Smoke detector"",""Carbon monoxide detector"",""First aid kit"",""Fire extinguisher"",Essentials,Shampoo,""24-hour check-in"",Hangers,""Hair dryer"",Iron,""Laptop friendly workspace"",""Baby monitor"",Bathtub,""Stair gates"",""Children’s books and toys"",""Babysitter recommendations"",Crib,""Pack ’n Play/travel crib"",""Coffee maker"",Refrigerator,Dishwasher,""Dishes and silverware"",""Cooking basics"",Oven,Stove,""BBQ grill"",""Garden or backyard"",""Luggage dropoff allowed"",""Long term stays allowed""}",2,1.0,Real Bed,strict,False,NYC,"This listing is for a private guest room with a shared bathroom in a shared house. {BEST OF NEW YORK} The 10 Coolest Airbnb Rentals in New York Timeout New York, 2014 ...................................................................................................... ""Staying with Jessica at the historic mansion was quite a remarkable experience. It was not only one of the nicest homes I have ever stayed at on Airbnb, but Jessica made one of the best breakfasts that I have ever had . . . better than any breakfast spot we found, so if you stay here, I recommend sticking around for breakfast. The photos do not do the first floor justice. It is massive, but also very charming. We stayed in the top floor, and the room was beautifully designed and arranged for us. After staying with Jessica, I would recommend it as one of the best Airbnbs in New York, and a must visit if you want to experience the authenticity of a Brooklyn brownstone neighborhood, the charm of an historic mansion, and th",2014-05-08,t,t,100%,2011-09-18,f,2017-09-22,40.690701660351245,-73.96731786231572,The Notorious B.N.B. { Erhart II },Clinton Hill,60,99.0,https://a0.muscache.com/im/pictures/46691568/a2a3a432_original.jpg?aki_policy=small,11205.0,1.0,1.0
19871726,4.74493212836325,Apartment,Entire home/apt,"{TV,Internet,""Wireless Internet"",Kitchen,Heating,""Family/kid friendly"",Washer,Dryer,""Smoke detector"",Essentials,Shampoo,Hangers,""Hair dryer"",Iron,""Laptop friendly workspace""}",4,1.0,Real Bed,flexible,True,LA,"Fall asleep to the waves crashing in this stylish cozy beach unit only a block from the beach and the famous Riviera Village. Enjoy the friendly beach community and neighborhood. Unit has cathedral ceilings, is a very clean and quiet 1 bedroom with a space to work, if need be, with wifi copier, local or toll free fax and landline. High speed internet, Roku TV with Hulu, Netflix, HBO and more. Beach chairs, towels and toys for your enjoyment.  Queen size bed in the bedroom. Can accommodate 1 extra on the couch or 2 extra with an air mattress in the living room.  I also have extra cell phone chargers (no iphone, sorry) if you have forgot yours. Private entrance through locked sliding glass front door.  Plenty of street parking. If you love to cook, you are welcome to use any of my cookware and spices. I will meet you with the key and give you a brief overview of the unit, appliances, TV access, etc. Should be accessible by phone most of the time. The Riviera Village is located just at th",2016-03-25,t,t,100%,2015-10-09,f,2017-03-05,33.81913362276629,-118.3883492034692,Riviera Village Comfy Beach Home,Redondo Beach,29,95.0,https://a0.muscache.com/im/pictures/2bf7e53f-50d3-4b3d-adb7-0bc9c6e6b88c.jpg?aki_policy=small,90277,1.0,1.0
753761,4.8283137373023015,House,Private room,"{Internet,""Wireless Internet"",""Air conditioning"",Kitchen,""Free parking on premises"",""Pets allowed"",""Indoor fireplace"",Heating,""Family/kid friendly"",Washer,Dryer,""Smoke detector"",""First aid kit"",Essentials,Shampoo,Hangers,""Hair dryer"",Iron,""Laptop friendly workspace""}",3,1.5,Real Bed,flexible,False,LA,"My place is close to Belmont Shore's Popular 2nd street with over 100 restaurants, boutiques, shopping, coffee, sports bars, the Marine Stadium, Colorado Lagoon, local beaches, movie theatres, grocery shopping (Ralphs, Whole Foods, Trader Joes', Gelsons, Lucille's). You’ll love my place because of the great walking neighborhood; close to everything but just far enough away that you can enjoy a private, exclusive residential community.  Disneyland and other attractions within a 20 minute drive. Very private Harbor Multi-Million dollar home.  Walk one block and enjoy a romantic view and picnic of the harbor with boats, lights, etc....Take a bike ride too.   Enjoy a Chef's Kitchen....Great living room and more.  May I pour you a glass of wine? See you soon! *Please note that the Bedroom consists of 1 Queen Bed and 1 Futon (not a sofa bed) See photos that describe space and availability.  This is a Million Dollar + valued home and is situated in a beautiful exclusive track called Spinnaker",2016-11-19,t,f,90%,2016-11-04,f,2017-04-30,33.76230686507874,-118.11939849454303,Exclusive Moroccan Style Home Near Everything!,Long Beach,6,92.0,https://a0.muscache.com/im/pictures/8ded7dae-0cbd-4b57-9c9b-7fa1f8abd5c1.jpg?aki_policy=small,90803,1.0,2.0
14249185,4.4998096703302615,Apartment,Private room,"{""Wireless Internet"",""Air conditioning"",Kitchen,""Pets live on this property"",Dog(s),""Buzzer/wireless intercom"",Heating,""Smoke detector"",""Carbon monoxide detector"",Essentials,""Hair dryer"",""translation missing: en.hosting_amenity_49"",""translation missing: en.hosting_amenity_50""}",2,1.0,Real Bed,moderate,True,NYC,"Private Room in a spacious 2 bedroom walkup located just 1 block from Central Park in vibrant South Harlem! Express trains 2/3 at the corner put you just minutes from all major attractions. 10 minutes to Midtown! Queen size bed comfortably sleeps 2. This is our home and we made sure your bedroom has all the comfort you would expect in your own home. The bedroom is located towards the front in our two-bedroom apartment with a real queen size bed mattress and a feather mattress topper for additional comfort, dresser, and AC for the warmer months. Between the two rooms, we will be sharing the bathroom, kitchen and living-room. We keep our spaces very clean, and make sure our guests are comfortable. The apartment is a classic New York style apartment with hardwood floors,exposed brick and high ceilings. The apartment building has a secure magnetic lock at the entrance. We will provide you with a set of keys so you can come and go as you please. We are both architects in the city and mainta",2015-12-01,t,t,100%,2015-04-11,f,2017-09-24,40.79912058041828,-73.95203939596041,Cozy and Friendly Central Park Room,Harlem,49,96.0,https://a0.muscache.com/im/pictures/5d80a486-4372-4b52-959a-9fb558f7652b.jpg?aki_policy=small,10026,1.0,1.0
12340908,5.043425116919247,House,Entire home/apt,"{TV,Internet,""Wireless Internet"",Kitchen,""Free parking on premises"",Breakfast,""Pets live on this property"",""Other pet(s)"",Heating,""Family/kid friendly"",""Smoke detector"",""Carbon monoxide detector"",""First aid kit"",""Safety card"",""Fire extinguisher"",Essentials,Shampoo,Hangers,""Hair dryer"",""Laptop friendly workspace"",""Self Check-In"",Lockbox,""Private entrance"",""Children’s books and toys""}",2,1.0,Real Bed,moderate,True,LA,"Close to the famous Malibu beaches: Leo Cabrillo and Zuma. Close to the many local wineries, bike trails, national parks, and hiking trails, this charmingly cozy cottage, nestled beside a beautiful rare Coral Tree on a private three acre ranch, is a uniquely delightful vacation retreat, perfect for personal introspection, romantic renaissance, or family vacation. Surrounded by rolling hills and tree-covered mountains, this house is located about twelve minutes from Pacific Coast Highway in West Malibu while also being about twelve minutes from Westlake Villiage. The cottage interior has beautiful Saltillo floor tiles, rich brocade curtains, two comfortable couches, and a real queen-sized bed ( having traveled myself and experienced the futon options, I note this as a relevant consideration). The outside of the cottage has lots of private outdoor space for sunbathing, bird-watching, archery, or interacting with ""nature."" This is a perfect place to get away from it all, while still being",2014-03-30,t,t,100%,2014-02-04,f,2017-04-01,34.09067662775839,-118.8755554715666,Private Malibu Cottage,,27,98.0,https://a0.muscache.com/im/pictures/e59d826e-daa3-4fae-967c-e71584fda26d.jpg?aki_policy=small,90265,1.0,1.0
2083547,4.23410650459726,House,Entire home/apt,"{TV,""Cable TV"",""Wireless Internet"",""Air conditioning"",Kitchen,""Pets live on this property"",Cat(s),""Family/kid friendly"",Washer,Dryer,""Smoke detector"",""Carbon monoxide detector"",""First aid kit"",""Fire extinguisher"",Essentials,Hangers,""Hair dryer"",Iron,Bathtub,""Children’s books and toys"",""Room-darkening shades"",""Children’s dinnerware"",""Hot water"",""Bed linens"",""Extra pillows and blankets"",Microwave,""Coffee maker"",Refrigerator,Dishwasher,""Dishes and silverware"",""Cooking basics"",Oven,Stove,""BBQ grill"",""Patio or balcony"",""Garden or backyard""}",4,1.0,Real Bed,strict,True,NYC,"My place is close to 231 St and 238 St #1 Train, Van Cortlandt Park, Lehman College, Manhattan College, Montefiore Hospital, the NY Botanical Gardens, and many shops and restaurants along Broadway. You’ll love my place because of the beautiful backyard, the friendly neighborhood, the light filled rooms, the comfy beds, and the ambiance. My place is good for couples, solo adventurers, business travelers, and families with kids (one room has a twin and a toddler bed). Backyard with grill! Single-family home, plenty of light. Modern kitchen. Suburban living in NYC. I am always available by phone, email and text. My neighbors are very friendly and welcoming. This is a true NY neighborhood, one of the best! 8 min from 1 train and 15 min from 4 train. Express bus to midtown one block away! Bx1, Bx2, Bx3 and Bx10 all one block away.",2016-07-29,t,t,100%,2015-12-25,f,2017-08-09,40.8786280694146,-73.89752994897907,Beautiful Van Cortlandt Village Home,Kingsbridge Heights,3,100.0,https://a0.muscache.com/im/pictures/4e618ea4-76cf-4cb8-9542-e81d717704d3.jpg?aki_policy=small,10463,2.0,3.0
17982726,5.0106352940962555,Apartment,Private room,"{TV,""Cable TV"",Internet,""Wireless Internet"",""Air conditioning"",Kitchen,""Free parking on premises"",""Buzzer/wireless intercom"",Heating,""Family/kid friendly"",Washer,Dryer,""Smoke detector"",""Carbon monoxide detector"",""First aid kit"",Essentials,Shampoo,""Lock on bedroom door"",""24-hour check-in"",Hangers,""Hair dryer"",Iron,""Laptop friendly workspace""}",2,1.0,Real Bed,strict,True,NYC,"A cozy and well kept room with beautiful light, plants, a fully equipped new kitchen, a furnished porch & terrace, and only 3 blocks from the L Train subway to Manhattan. Always clean sheets, towels, a 27"" iMac (including Netflix, HBO GO, Cable TV), a 50"" TV in the living room, a beautiful & green porch, as well as access to the buildings laundry machines. Feel right at home!  The apartment is yours to use :) Nothing to help with, we just want you to enjoy your stay. Within walking distance of the more lively parts of Williamsburg this apartment is in a less trafficked area.  A block from restaurants, convenient stories, bodegas, laundry services, and 3 blocks from the L train. The L Train Subway Graham Ave stop is 3 blocks away, making transportation throughout NYC very easy.  The apartment is also located a 5 minute drive from the BQE. The rooftop has beautiful views of the Manhattan skyline!",2016-10-31,t,f,80%,2014-02-10,f,2017-09-13,40.71537796414887,-73.94712391168044,Cozy Bedroom & Beautiful Apt in Williamsburg,Williamsburg,13,100.0,https://a0.muscache.com/im/pictures/ebd343fd-2540-49f9-9708-c7465b71639e.jpg?aki_policy=small,11211,1.0,1.0
20518601,6.543911845564795,Townhouse,Entire home/apt,"{TV,""Wireless Internet"",""Air conditioning"",Kitchen,Breakfast,""Indoor fireplace"",Heating,""Family/kid friendly"",""Suitable for events"",Washer,Dryer,""Smoke detector"",""Carbon monoxide detector"",""First aid kit"",""Fire extinguisher"",Essentials,Shampoo,""Lock on bedroom door"",Hangers,""Hair dryer"",Iron,""Laptop friendly workspace"",""Private entrance""}",8,2.5,Real Bed,strict,False,NYC,"This beautiful Brownstone duplex has plenty of space for the whole family and groups to  make travel to the city with them a whole lot easier. With a lovely back yard and design-conscious rooms (lots of white, comfortable designer furniture, unique and inspiring art work), along with a large fully family-friendly kitchen, it’s easy to enjoy the up-and-coming neighborhood, travel in and around Manhattan and enjoy this light, bright and friendly space. ACCOMMODATION DETAILS This 4-bedroom duplex is a totally brand new renovated brownstone. It has an open-plan first floor with a large living room, an open kitchen and a bathroom. Stairs lead to the garden from the first  floor. The second floor has the master bedroom with queen size bed, with one large bathroom. and 2 additional mid-size guest room with queen size beds which share a bathroom Modern, warm and welcoming. The living room has an living Divani  couch and a lot of European Furniture, a Turkish carpet from abc, and floss lights. ",,t,t,100%,2014-08-15,f,,40.688273367504976,-73.94943340697466,Venice Beach Meets Brooklyn  Stunning Townhouse,Bedford-Stuyvesant,0,,https://a0.muscache.com/im/pictures/eede83f6-6b3d-4d72-8592-ecae790f0fcf.jpg?aki_policy=small,11216,4.0,4.0
16740536,6.214608098422191,Apartment,Entire home/apt,"{""Cable TV"",""Wireless Internet"",Kitchen,Heating,""Smoke detector"",""Laptop friendly workspace""}",4,1.0,Real Bed,flexible,False,SF,"2 large bedrooms in the heart of the city. 5 min walk to the mission district and downtown. Quick walk to BART stop and Muni. House comes with large tv, cable and Wifi. Modern kitchen with granite counter tops. There is a front and back door entrance",,t,f,,2015-10-20,f,,37.775826619303004,-122.4286498199749,Spacious 2B in Hayes Valley,Hayes Valley,0,,https://a0.muscache.com/im/pictures/4600939b-ba0a-4ee2-80f6-684faa9984e4.jpg?aki_policy=small,94102.0,2.0,2.0
19779077,4.605170185988092,House,Private room,"{""Wireless Internet"",""Air conditioning"",""Pets live on this property"",Cat(s),Heating,""Family/kid friendly"",Essentials,Shampoo,Hangers,""Hair dryer"",""Laptop friendly workspace"",""translation missing: en.hosting_amenity_50""}",2,1.0,Real Bed,flexible,False,DC,"The space is located close to Bistrot Lepic & Wine Bar and other nice restaurants and shops in upper Georgetown.  The space occupies the entire lower level of the house and includes a sleeping area, seating, writing desk and full bathroom.  There are two windows and a door that open to the garden which has a gate that can be used as a separate entrance. The space occupies the entire lower level of the house.  It has two windows and a door opening to the garden, a full bathroom, writing desk and reading area, and a bedroom niche. It is fully carpeted and has recently being entirely renovated.  It is a silent space.  You should know that I do have a cat, but the cat does not enter your space--but be aware if you are allergic to cats. Access is through the front door or the rear garden gate. I make available information about bus routes and main touristic attractions of Washington. The house is located on a residential street in historic Georgetown.  It is steps away from shops and cafes ",2017-01-21,t,f,100%,2016-12-05,f,2017-04-24,38.916232304549695,-77.06821648618829,Suite in Georgetown,Burleith,7,100.0,https://a0.muscache.com/im/pictures/c62ce786-a26a-4764-a639-b98e40938509.jpg?aki_policy=small,20007,1.0,1.0
3765095,5.1647859739235145,House,Entire home/apt,"{TV,""Cable TV"",Internet,""Wireless Internet"",""Air conditioning"",Kitchen,""Pets allowed"",Heating,""Family/kid friendly"",Washer,Dryer,Essentials,Shampoo,""24-hour check-in"",Hangers,""Hair dryer"",Iron,""Laptop friendly workspace""}",3,1.0,Real Bed,strict,True,DC,"Great 2 story 1 bedroom house with small private backyard. 3 blocks to Capitol. Great area.  Walk to metro, top nationally ranked restaurants. Great security. 1880s brick carriage house. Great open bedroom upstairs.  Sleeper sofa downstairs.  Washer dryer. We specialize in longer term stays of a month or longer though we can also do shorter stay.  Rates start at $4250 per month. For rentals more than 30 days from now or for longer term stays please send us an inquiry Charming carriage house with private patio.  Great tiny house feel.  About 600 sf. All Detailed Welcome Letter.  As much interaction as needed.",2016-10-06,t,t,100%,2013-11-27,f,2016-11-18,38.89171950196077,-77.0024969836006,308 Millers Ct  Carriage House 2 blocks to Capitol,Capitol Hill,2,100.0,https://a0.muscache.com/im/pictures/defdfe1f-13ec-4894-b651-0e0b732119d7.jpg?aki_policy=small,20002,1.0,2.0
13176869,3.8918202981106265,Apartment,Private room,"{Internet,""Wireless Internet"",Kitchen,""Pets live on this property"",Cat(s),""Buzzer/wireless intercom"",Heating,""Smoke detector"",""Carbon monoxide detector"",Essentials,Shampoo,""Lock on bedroom door"",Hangers,""Hair dryer"",""Laptop friendly workspace"",""translation missing: en.hosting_amenity_49"",""translation missing: en.hosting_amenity_50""}",1,1.0,Real Bed,strict,True,NYC,"When you open the door to my home you'll be greeted by tons of natural light, exposed brick and hard-wood floors. I like to keep houseplants to bring nature inside and to help purify the air. I'm drawn to organic, chemical-free cleaners and materials because a healthy, non-toxic space is at the top of my priority list. Located in historic Bedford-Stuyvesant with easy access to Manhattan and many bustling Brooklyn neighborhoods, like Fort Greene, Bushwick and Williamsburg. * One room in a gorgeous 3-bedroom light-filled apartment in Bedstuy, Brooklyn * exposed brick + hardwood floors + lots of big windows * all new appliances + dishwasher * equidistant from the Flushing or Myrtle JMZ trains (about a 7-minute walk to each) * Laundromat two doors down * Beautiful kitchen * Skylight in bathroom + double sink * Includes a sweet, old, beautiful cat who is very loved and a part of the household * The immediate area doesn't have a lot going on but if you walk 7-minutes towards the Myrtle-Broad",2017-03-19,t,t,100%,2015-02-16,f,2017-09-24,40.69428008577878,-73.94148326616575,Sunlit Private Room at The Gazebo in Brooklyn,Bedford-Stuyvesant,9,100.0,https://a0.muscache.com/im/pictures/ab95e0f0-a29b-4b85-8f61-fe7b36b0b3a6.jpg?aki_policy=small,11206,1.0,1.0
14979266,5.501258210544727,Apartment,Entire home/apt,"{TV,Internet,""Wireless Internet"",""Air conditioning"",Kitchen,""Buzzer/wireless intercom"",Heating,Dryer,""Smoke detector"",""Carbon monoxide detector"",Essentials,Shampoo,Hangers,""Hair dryer"",Iron,""Laptop friendly workspace"",""translation missing: en.hosting_amenity_49""}",2,1.0,Real Bed,strict,True,NYC,"Lovely studio loft apartment in the heart of SoHo, newly remodeled. Nestled in one of the most charming downtown streets, close to everything that this wonderful area has to offer! Hello! :)  I have a beautiful, newly renovated, clean, loft apartment in the heart of SOHO available for short term rent :)  A true oasis of peace and relaxation in Manhattan! It is located in a traditional walk-up SoHo building (sorry, no elevator). This is a studio loft apartment with one FULL bed and one couch that can be used as an additional 1 person bed (very comfortable!), and one full bathroom. Perfect for two people or a couple looking for a romantic gateway in the best neighborhood that New York City has to offer. It is located in the best part of SOHO. You can't beat the location! The apartment is situated on a lovely street in a very charming neighborhood, full of restaurants, boutiques and everything you might need.  The apartment is just a few blocks away from public transportation (E and C tra",2013-03-24,t,t,100%,2012-12-22,f,2017-09-16,40.72477959694937,-74.00070210768732,"BROADWAY LOVELY LOFT STUDIO, HEART OF SOHO!",Soho,136,97.0,https://a0.muscache.com/im/pictures/b955eab4-40a6-4b2c-9d78-41f9cbdbd6df.jpg?aki_policy=small,10012,1.0,1.0
18568770,4.23410650459726,Apartment,Entire home/apt,"{TV,""Wireless Internet"",""Air conditioning"",Kitchen,Heating,""Family/kid friendly"",Washer,Dryer,""Smoke detector"",""Carbon monoxide detector"",""First aid kit"",""Fire extinguisher"",Essentials,Shampoo,""24-hour check-in"",Hangers,""Hair dryer"",Iron,""Laptop friendly workspace"",""Self Check-In"",Smartlock}",6,1.0,Real Bed,strict,True,Chicago,"New listing for 2017! Stylish, colorful, fun Wicker Park enclave.  Close to everywhere you need to be: * Western Avenue and Damen Avenue CTA Blue Line Stops (walking distance) * The Lively Six Corners and Division Street areas with ample bars, clubs, music and nightlife * Up and coming Humboldt Park, Ukrainian Village and Logan Square * 15 minute cab or Uber to the Loop! The tastefully decorated colorful apartment is fully furnished with all the essentials! * Roughly 1,000 SF * Two private bedrooms (one with a queens-sized bed, one full) pull-out sofa bed in living room * Central heat and air * Full kitchen with dishwasher, range, microwave, fridge and all cooking essentials * TV with Roku Box * Record player and great selection of 45s!  How many AirBnbs can say that? * Tables, chairs, artwork, tasteful furnishings...the whole package!  See photos. * The apartment is completely private.  While you are visiting our place is your place to use as you please, but please be quiet, considera",2017-01-03,t,f,100%,2016-12-13,f,2017-05-07,41.90509457177947,-87.68649534880954,"Colorful, Chill, Well Appointed Wicker Park 2BR",,24,98.0,https://a0.muscache.com/im/pictures/ed733360-2867-4437-91d2-94410a28bb68.jpg?aki_policy=small,,2.0,3.0
7181782,4.48863636973214,Apartment,Private room,"{TV,Internet,""Wireless Internet"",Kitchen,""Pets live on this property"",Cat(s),Heating,Washer,Dryer,""Smoke detector"",""Carbon monoxide detector"",Essentials,Shampoo,Hangers,""Hair dryer"",Iron,""Laptop friendly workspace"",""translation missing: en.hosting_amenity_49"",""translation missing: en.hosting_amenity_50""}",2,1.5,Real Bed,strict,True,SF,"Conveniently located on a quiet street in a fun neighborhood, this is a bright room in a large 2BR apartment with three separate living spaces (two indoor, one outdoor). This is a classic San Francisco Victorian in a historic neighborhood. Our lovely 2BR/1.25BA apartment has a large kitchen, a separate dining area, two separate living spaces, and a large deck, making it an ideal space to share. We are on a quiet block just a 3min walk to the heart of the Castro (restaurants, bars, shops). The Castro muni station is a 5min walk, connecting you to the rest of the city via public transit. Dolores Park and the Mission (all the best restaurants and nightlife) are a 15min walk. And of course there is Uber and Lyft which can get you anywhere easily and cheaply. The Castro is almost exactly in the center of San Francisco. The apartment is spacious (est. 1200sqft) yet cozy feeling and functional. There is a dishwasher and washer/dryer. You'll be in the guest bedroom, which has a full-sized bed ",2016-03-11,t,t,,2011-11-09,f,2016-04-02,37.76002858695403,-122.43928249368744,Bright room in spacious apt w deck,The Castro,3,93.0,https://a0.muscache.com/im/pictures/6afb0245-ee55-49c5-843c-926612db11c5.jpg?aki_policy=small,94114,1.0,1.0
6677640,4.4067192472642525,Apartment,Private room,"{TV,Internet,""Wireless Internet"",""Air conditioning"",""Wheelchair accessible"",Pool,Kitchen,""Free parking on premises"",""Elevator in building"",""Hot tub"",Heating,""Family/kid friendly"",""Smoke detector"",""First aid kit"",Essentials,Shampoo,""Lock on bedroom door"",Hangers,""Hair dryer"",""Laptop friendly workspace"",""translation missing: en.hosting_amenity_49"",""translation missing: en.hosting_amenity_50"",Bathtub,""Stair gates"",""Children’s books and toys"",""Window guards""}",2,1.0,Real Bed,strict,False,LA,"My place is close to The Grove. You’ll love my place because of the neighborhood, the comfy bed, the kitchen, and the coziness. My place is good for couples, solo adventurers and business travelers. Walking distance to 3rd street and Fairfax in Miracle mile and Mid-Wilshire. Walking distance to Ralph's, Trader Joe, Coffee Bean, Ross, Kmart, Whole Food, CVS Pharmacy, Rite Aid. Nearby attractions: LACMA, The Grove, Hollywood Walk of Fame, Hollywood Tours, Hollywood Sign, Griffith Observatory, Universal Studio, Warner Brother Studio, Americana (Glendale), Beverly Hills, Downtown, Santa Monica & Venice beach. Free WIFI.  Queen size bed (Sheet, Blankets and pillows provided)  Private bathroom (Towels provided)  Full Closet Heater Microwave.  Parking in a gated parking lot with no extra charge (First come first serve) Access to Olympic pool, hot tub and Gym is $15 per day, per person. Im a Photographer living here with my wife and 21 Month old son Very spacious and beautiful apartment with a",2016-08-19,t,t,100%,2012-06-14,f,2017-04-30,34.06796858379674,-118.35020252652471,The Private Bedroom in a heart of Los Angeles,,15,97.0,https://a0.muscache.com/im/pictures/dff3dbf4-1175-46a6-aefa-c0188a5f7307.jpg?aki_policy=small,90036,1.0,1.0
13310795,4.787491742782046,Apartment,Entire home/apt,"{TV,Internet,""Wireless Internet"",""Air conditioning"",Kitchen,""Pets live on this property"",Dog(s),""Buzzer/wireless intercom"",Heating,""Family/kid friendly"",""Smoke detector"",""Carbon monoxide detector"",Essentials,Shampoo,Hangers,""Hair dryer"",Iron,""Laptop friendly workspace"",""translation missing: en.hosting_amenity_50"",""Self Check-In"",Lockbox,""Coffee maker"",Refrigerator,""Dishes and silverware"",""Cooking basics"",Oven,Stove,""Single level home""}",2,1.0,Real Bed,strict,True,NYC,"Welcome to my spacious two-room studio in Prospect Heights! This ground-floor apartment has a queen size pillowtop bed, kitchen down the hall from the sleeping/living area & large bathroom with tub and shower. The apartment was renovated in 2014. With a large living/sleeping space and separate kitchen at the other end of the hall, this apartment feels much bigger than a studio. It's on a quiet street just a block away from the express 2/3 train and two blocks from the express 4/5. It's across the street from the Brooklyn Museum and Botanical Garden and a half mile from the Grand Army Plaza entrance to Prospect Park. The apartment is quiet, secure and peaceful. I don't share walls with anyone in the building and I never hear anything from the neighbors upstairs. The other tenants in the building are mostly 30-something professionals who work in NYC. The landlord lives around the corner and is readily available to help out with any issues that might come up during your stay.  The apartme",2016-02-14,t,t,80%,2012-05-02,f,2017-10-01,40.67262492818015,-73.96542055091787,Peaceful Studio in Prospect Heights,Prospect Heights,9,95.0,,11238,1.0,1.0
14066689,4.382026634673881,Apartment,Private room,"{Internet,""Wireless Internet"",""Air conditioning"",Kitchen,""Indoor fireplace"",Heating,Washer,Dryer,""Smoke detector"",Essentials,Shampoo,""Lock on bedroom door"",""24-hour check-in"",Iron,""Laptop friendly workspace""}",2,1.0,Real Bed,flexible,True,DC,"Enjoy a relaxing stay in this cozy room with your private ensuite bathroom in a beautiful Mt.Pleasant 2 bedroom apartment. The room is a spacious master bedroom with plenty of sunlight and an ensuite bathroom. It is furnished with a full sized bed that accommodates two, a desk and comfortable working chair. The bathroom has a wonderful shower and bathtub.  The apartment has two bedrooms and two bathrooms, a large open space for the living room, dining room and kitchen area from which you can access a private patio. The fireplace works well and is a wonderful relaxing treat after a long work or tourist day. You will have full access to the living room, dining room, kitchen area and patio that is shared with my roommate. I will not be there win you come but my wonderful roommate will guide you through the house and give you any needed tips for your stay. The Mt. Pleasant Neighborhood is one of the most charming, diverse and vibrant in DC. Centrally located, you can enjoy its wonderful ni",,t,f,,2014-01-05,f,,38.93050587015472,-77.04190186548048,Private room with ensuite bathroom!,Mount Pleasant,0,,https://a0.muscache.com/im/pictures/d9e9fe98-859e-4ab4-af91-c0e1da7c2ad7.jpg?aki_policy=small,20010,1.0,1.0
17812564,4.867534450455582,Apartment,Entire home/apt,"{TV,""Cable TV"",""Wireless Internet"",""Air conditioning"",Kitchen,""Pets live on this property"",Cat(s),""Buzzer/wireless intercom"",Heating,""Smoke detector"",""Carbon monoxide detector"",Essentials,Shampoo,Hangers,""Hair dryer"",Iron,""translation missing: en.hosting_amenity_49"",""translation missing: en.hosting_amenity_50""}",2,1.0,Real Bed,moderate,True,NYC,"Quiet & cozy apt. located in the heart of the LES. All about location - you'll be super close to public transportation & all of the neighborhood's hot spots! I rent out the entire space when I travel. It's a 2BR & you'll sleep in the room pictured. My apartment is in an amazing location, yet is still cozy and quiet. It's mostly families and young working professionals who live in the building, so there's not a lot of noise relative to the area we're located in. I'm in a walk-up building (two flights, easy come and go) where you'll have your own bedroom with a lofted bed, full length mirror to get ready and full access to the bathroom, kitchen and living room. I'll be available via phone / text should you need anything during your stay. My apartment is right around all of the great restaurants, bars and club hot spots the LES has to offer. You'd have to stay for weeks to try out all of the great local restaurants alone! I'm also one short block from the center of the LES nightlife, whic",2016-01-18,t,t,100%,2014-07-01,f,2017-09-04,40.72196798075226,-73.9889052186858,"Quiet, Private Apt in heart of LES",Lower East Side,9,98.0,https://a0.muscache.com/im/pictures/0c302956-3436-4c9e-8f66-96ee41d6a7ea.jpg?aki_policy=small,10002,1.0,1.0
8187584,6.061456918928018,Apartment,Entire home/apt,"{TV,""Cable TV"",Internet,""Wireless Internet"",""Air conditioning"",Kitchen,Elevator,Heating,""Family/kid friendly"",Washer,Dryer,""Smoke detector"",""Carbon monoxide detector"",Essentials,Shampoo,""24-hour check-in"",Hangers,""Hair dryer"",Iron,""Laptop friendly workspace"",""Pack ’n Play/travel crib"",""Bed linens"",Microwave,""Coffee maker"",Refrigerator,Dishwasher,""Dishes and silverware"",""Cooking basics"",Oven,Stove}",7,2.0,Real Bed,strict,True,Boston,"This is a beautiful property in Boston's Back Bay neighborhood in downtown. This unit has 3 Bedrooms, 2 Bathrooms, Washer and Dryer, Wifi and Sleeps up to 7. Our latest Boston vacation rental combines the warmth and charm of nineteenth century architecture with twenty-first century amenities. At the crossroads of two historic neighborhoods, you will be a short walk from Back Bay's fashionable shops and the South End's hip restaurants and galleries. This is a true oasis in downtown Boston!  The apartment is nestled in a quiet, low-traffic enclave border the lushly landscape Southwest Corridor Park and Copley Place. With easy access to the T's Green and Orange Lines, we think this is the best location in the city! •3 Bedrooms with a king bed, 2 queen beds, and a queen-size pull out sofa  •2 Full Bathrooms  •Sleeps 7 •1170 Square Feet  Nearby Attractions:  •Prudential Center: 0.4 mile  •Boston Common: 0.9 mile  •Fenway Park, home of the Red Sox: 1 mile  •Faneuil Hall: 1.8 miles  •TD Garde",2015-10-08,t,f,100%,2013-02-04,f,2017-08-10,42.34604445496711,-71.08017522974744,Gorgeous Boston Back Bay! GS3,Back Bay,15,93.0,https://a0.muscache.com/im/pictures/ace1a5fb-dc72-4134-a609-1a5ed1db26f3.jpg?aki_policy=small,02116,3.0,4.0
2023577,5.1929568508902095,Apartment,Entire home/apt,"{TV,""Wireless Internet"",""Air conditioning"",Kitchen,Breakfast,Heating,""Smoke detector"",""Carbon monoxide detector"",""First aid kit"",Essentials,Shampoo,""Lock on bedroom door"",""Hair dryer"",Iron,""translation missing: en.hosting_amenity_49"",""translation missing: en.hosting_amenity_50""}",2,1.0,Real Bed,moderate,True,NYC,"Our place is right off the L train which is 1 stop to Brooklyn, a 10 minute walk to Union Square, and close to shopping in Soho or on 5th Ave. If you'd like to enjoy the neighborhood, we're minutes from restaurants and bars and are happy to make suggestions! You’ll love our place because of the location's convenience, natural light, comfy bed, and coziness and it's great for couples, solo adventurers, tourists and business travelers. Folks from all backgrounds are welcome in our home.",2017-07-24,t,t,100%,2014-07-29,f,2017-07-24,40.731074988936655,-73.98326842766102,Sunny East Village One Bedroom,East Village,1,100.0,https://a0.muscache.com/im/pictures/7cb230e4-583d-4c7c-9c22-4d2dbf0408ec.jpg?aki_policy=small,10003.0,1.0,1.0
10022620,4.442651256490317,Apartment,Entire home/apt,"{TV,Internet,""Wireless Internet"",Kitchen,""Pets live on this property"",Dog(s),""Family/kid friendly"",""Smoke detector"",""Carbon monoxide detector"",Essentials}",2,1.0,Real Bed,flexible,True,LA,"Close to Echo Park, Silverlake, and Downtown; charming details; calming atmosphere; private entry; sunny porch; vibrant residential area; two rooms separated by pocket doors; wifi; around the corner from gorgeous Vista Hermosa park",2015-09-06,t,t,100%,2012-11-06,f,2017-04-08,34.062739101683825,-118.25952327486804,Bright & Quiet Echo Park Gem Studio,Echo Park,9,100.0,,90026,1.0,1.0
3351453,4.248495242049359,Apartment,Private room,"{Internet,""Wireless Internet"",""Air conditioning"",Kitchen,""Buzzer/wireless intercom"",Heating,""Smoke detector"",Essentials,Shampoo,""Lock on bedroom door"",""24-hour check-in"",Hangers,""Laptop friendly workspace"",""translation missing: en.hosting_amenity_49"",""translation missing: en.hosting_amenity_50""}",1,1.0,Real Bed,flexible,True,NYC,"You’ll be staying in a building that dates back to early 1900’s New York. It’s a cozy room that includes a full-sized bed, an armchair, a desk, a bookshelf and a closet. It’s also in a convenient location: only a 10 minute walk from Union Square, 15 minutes from meatpacking and just a block away from Madison Park. This is a comfy & intimate room in a 5 bedroom apartment in the heart of Manhattan. The room is approx. 11x12ft. (3.5x3meters). In the room you’ll find a full-size bed with fresh linens, an armchair, a bookshelf with a small book collection, a chest of drawers, a closet and a desk. Great for solo travelers and couples (queen bed). While you're a guest, you'll have access to a full bathroom, a small kitchen and a couch in the corridor. In the room; the top drawer in the chest will be made available as well as half the closet. The other rooms belong to other tenants and are private. I will be present to hand over access to the building and the keys. I can be easily reached via ",2016-07-23,t,f,,2016-05-15,f,2016-07-23,40.74463576415465,-73.98436441212938,1 BR to rent in Flatiron District,Flatiron District,1,100.0,https://a0.muscache.com/im/pictures/e94a2c71-d8c7-40dc-8ebd-5d519bc36a94.jpg?aki_policy=small,10016,1.0,1.0
5276908,4.653960350157523,Apartment,Entire home/apt,"{Internet,""Wireless Internet"",Kitchen,""Free parking on premises"",""Pets allowed"",""Pets live on this property"",Dog(s),Heating,""Family/kid friendly"",Washer,Dryer}",4,1.0,Real Bed,strict,True,LA,"This unique suite has two beds, and one bathroom. Downstairs, you will find  spacious living quarters with a queen-sized bed and seating. Venture up the spiral staircase to the upstairs loft to find the 2nd romantic bedroom nook (bed is queen sized). This artistic space features hand drawn fantasy murals and a colorfully tiled shower and bath. A generous downstairs living/sleeping room is topped off by a gold spiral staircase which leads up to a small extra loft bedroom. Just outside are a couple of chairs for taking in the mountain view and soaking up the sun. We have a brand new wireless router with extremely fast wireless Internet access at 85mb per sec.  We also have a new, very reliable tankless hot water heater that never runs out of hot water for the bath/shower. You will be nestled in a 13 acre mountain village with other cottages, forests and mountain views. Nearby, there are laundry facilities and a communal kitchen / living space with a 100 year old fire place. You’d never k",2012-08-04,t,t,100%,2011-05-16,t,2017-04-18,34.09597440981126,-118.61371768633622,Artistic Topanga Mermaid Suite ,Topanga,309,88.0,https://a0.muscache.com/im/pictures/52004406/8690139b_original.jpg?aki_policy=small,90290,2.0,2.0
18107876,5.48063892334199,House,Private room,"{TV,""Cable TV"",""Wireless Internet"",Pool,""Free parking on premises"",""Pets live on this property"",Dog(s),Heating,""Smoke detector"",""Carbon monoxide detector"",""Fire extinguisher"",Shampoo,""Lock on bedroom door"",Hangers,""Hair dryer"",""translation missing: en.hosting_amenity_49"",""translation missing: en.hosting_amenity_50""}",2,2.0,Real Bed,flexible,False,LA,"Large 2 acre estate, 7,000 ft house, one bedroom/bath  to rent on your own floor. Refrigerator, microwave, sliding door to pool, private backyard. Access to 67 miles of hiking trails from your front door, mountain & ocean view. Cool, Quiet. Two 10-speed bikes available for your use. 1 mile to Zuma Beach. Ping pong, Badminton *gym option. Bedroom and (2) baths, downstairs pool and deck for use on bottom floor of large estate.  Gym also available while hosts are home. Guest may use pool downstairs deck, grill and outdoor garden areas. BONUS: Gym may be utilized while hosts are home. Happy to help with questions during their stay. Only one mile from the beach, right across from the mountain trails, this estate sits in a gated community that is quiet and peaceful.  Close by are fun restaurants, beautiful beaches and coffee spots. 2 bikes available for trekking Malibu. There is a grocery/coffee house/restaurant/gas station one mile from here. The center of Malibu is 5 miles away. 2 bikes av",,t,t,0%,2016-04-21,f,,34.02893107381566,-118.80266674294123,"Poolside suite, Bike to the beach, Private entry",Malibu,0,,https://a0.muscache.com/im/pictures/9d368cb2-1962-44bf-8685-d41435cb90a3.jpg?aki_policy=small,90265,1.0,1.0
13040727,4.31748811353631,Apartment,Private room,"{TV,Internet,""Wireless Internet"",Kitchen,""Free parking on premises"",Heating,""Family/kid friendly"",Washer,Dryer,""Smoke detector"",""Carbon monoxide detector"",""Safety card"",""Fire extinguisher"",Essentials,Shampoo,Hangers,""Hair dryer"",Iron}",2,1.0,Real Bed,strict,True,LA,"One super comfy bed that sleeps 2! The room has a desk and chair for work space, and a closet to hang your clothes. One Private big private room with walk in closet and work desk. The home is massive and provides laundry and parking. You will have access to the full home and one parking space. We have neighbors to help with any issues or questions you have. A family lives downstairs so quite hour is 11pm. So please take off the noisy shoes. Koreatown is one of the hottest neighborhoods in LA for Night Life.  Tons of great cocktail bars and restaurants in a small walkable area.  Check out : Lock and Key The Normandie club Walker Inn (requires reservation) Quarters Korean BBQ The Houston Brother's newest bar - Break Room 86! The Line Hotel has a great spot called ""Pot"" Uber and Lyft are cheap Please don't turn up the stereo to loud.  The stove must be lite with a lighter. Please always double check both doors are locked when leaving the property.",2016-01-17,t,t,100%,2014-12-19,f,2016-01-17,34.07440369083077,-118.29768120783196,Large Private Room in Ktown!!!,Mid-Wilshire,1,100.0,https://a0.muscache.com/im/pictures/9e0f73cf-a03b-4b76-9d46-8bc5080aeeed.jpg?aki_policy=small,90004,1.0,1.0
9886034,4.248495242049359,House,Entire home/apt,"{TV,""Air conditioning"",Kitchen,Heating,Washer,Dryer}",2,1.0,Real Bed,flexible,False,LA,"Private, Guest house. Private entry. 1 bedroom FURNISHED, Basic Set up for Kitchen, bath and bedroom.  Private Patio and Deck.  Updated, compact all in one washer-dryer, dishwasher, stove and under counter refrigeration.  Close  to Hollywood, Griffith Park, Zoo, Downtown, Pasadena , Glendale, Silverlake. LA river trail .  (PHONE NUMBER HIDDEN) fwys  close.  Close to USC, Glendale Community College, Fashion Institute.  Private  one  bedroom, full bed, 1 full bath with tub/shower,living room dining room. Secure safe neighborhood, walking to many restaurants and small coffee shops and boutiques. Atwater Village. Los Feliz Village close .  Weekly Rate and Longer Sub-let available  Close to: Burbank, ABC, NBC and Disney Studios,Griffith Park,La Zoo, Western Museum. Hollywood, Silverlake, Observatory, Eagle Rock, Downtown Dodger's Stadium and more. Street parking only in front of  unit.  NO  SMOKING ON THE PROPERTY  CLEANING FEE $100.00 for stays  over  10 days and Security deposit for all s",2011-02-12,t,t,100%,2010-09-15,f,2017-04-25,34.12025579278933,-118.26772761122164,Spanish Bungalow Guest House LA CA,Atwater Village,93,92.0,https://a0.muscache.com/im/pictures/294658/ac8d6ed4_original.jpg?aki_policy=small,90039,1.0,1.0
15328573,4.9344739331306915,House,Private room,"{TV,Internet,""Wireless Internet"",""Air conditioning"",Pool,Kitchen,""Free parking on premises"",Breakfast,""Pets live on this property"",""Hot tub"",""Indoor fireplace"",Heating,Washer,Dryer,""Smoke detector"",""Carbon monoxide detector"",Essentials,Shampoo,""24-hour check-in"",Hangers,""Hair dryer"",Iron,""translation missing: en.hosting_amenity_50""}",2,1.0,Real Bed,strict,True,LA,"Females/couples  Welcome to Elm Residence, located in the most prestigious area of Beverly Hills, the Beverly Hills Flats. We offer you a private room  in a 5500sf home where you get to live among the stars.  Enjoy a flat screen smart TV with your Gourmet Cappuccino. Completely redone house in flats of Beverly Hills. Beautiful grounds and pool area. There is a Miele Capuccino maker for your use as well. The house is fully secured with security cameras inside and outside and an alarm system. For private guest house see my listing at: http://abnb.me/EVmg/ANszSiaMTA The kitchen,  laundry , and bathroom with tub and jacuzzi As your hosts, our main interaction with guests is at check-in to greet you and do a brief walk through to familiarize you with the house and your surroundings.  We are usually available to make some recommendations to great restaurants, venues, services, and whatever your needs may be.  The gardener comes on Fridays. The neighborhood is very quite and serene. It is all",2017-02-06,t,t,100%,2016-12-14,f,2017-04-13,34.082239612123146,-118.40202787923415,Beverly Hills 90210 private room-1,,16,99.0,https://a0.muscache.com/im/pictures/bd50a626-780c-4f19-8912-830bea147ca9.jpg?aki_policy=small,90210,1.0,1.0
492235,4.700480365792417,Apartment,Entire home/apt,"{TV,""Cable TV"",""Wireless Internet"",""Air conditioning"",Kitchen,""Free parking on premises"",Elevator,""Hot tub"",""Indoor fireplace"",Heating,""Family/kid friendly"",""Suitable for events"",Washer,Dryer,""Smoke detector"",""Carbon monoxide detector"",Essentials,Shampoo,Hangers,""Hair dryer"",Iron,""Laptop friendly workspace"",""Bed linens"",""Extra pillows and blankets"",""Ethernet connection"",""Pocket wifi"",Microwave,Refrigerator,""Cooking basics"",Oven,Stove,""EV charger"",""Step-free access"",""Wide doorway"",""Flat, smooth pathway to front door"",""Well-lit path to entrance"",""Wide doorway"",""Wide clearance to bed"",""Fixed grab bars for shower & toilet"",""Accessible-height toilet"",""Wide clearance to shower & toilet"",""Wide entryway""}",6,1.0,Real Bed,flexible,True,NYC,"High rise Lenox Terrace apartment located in a clean and safe neighborhood in central Harlem. Right next to the 2 & 3 train and very safe to return to the apartment anytime. Doorman in building, secured building Beautiful Large 1 bedroom Apartment Large bedroom, large living room, 1 separate bath and separate kitchen 1 bed in bedroom and a sofa bed in the living room Located on the 5th floor, safe secure, noise free Away from the noise, great neighborhood No spooking in the building",,t,t,100%,2015-10-13,t,,40.812127100876815,-73.93949946926371,Manhattan/Harlem attractions,Harlem,0,,https://a0.muscache.com/im/pictures/5f2bac9f-dd73-4d7a-8604-d7cb81c8cad0.jpg?aki_policy=small,10037,1.0,2.0
18288371,4.043051267834549,Apartment,Private room,"{""Wireless Internet"",Pool,Kitchen,Washer,Dryer,""Smoke detector"",""Carbon monoxide detector"",""First aid kit"",""Safety card"",""Fire extinguisher"",Essentials,""Lock on bedroom door"",Hangers,""Hair dryer"",""Private living room""}",2,1.0,Real Bed,flexible,True,Boston,"Cozy Sunfilled Private Room in the Beautiful Chestnut hill Private bedroom for one or couple in a quiet section of the Chestnut hill neighborhood of Boston. Includes an brand new queen size bed, free wi-fi, fan, brand new closet for clothing, desk/chair and use of the kitchen and bathroom. There is also a private outdoor pool accessible by only residents in this apartment.  Resources within walking distance are: Green Line (B, C, D) stops, CVS, Wholefoods, Trader Joe's, 7/11, Starbucks, liquor store, Chestnut hill mall, and a good mix of take-out and dine-in restaurants and bars.",2017-08-17,t,t,100%,2015-05-11,f,2017-08-20,42.338742384108365,-71.1478642993375,Sunny Cozy Private Room in Beautiful Chestnut hill,Allston-Brighton,2,100.0,https://a0.muscache.com/im/pictures/f287acc5-2d1c-4802-aad8-887a1914d503.jpg?aki_policy=small,02135,1.0,1.0
4387429,4.59511985013459,Apartment,Entire home/apt,"{TV,Internet,""Wireless Internet"",""Air conditioning"",Kitchen,Heating,""Family/kid friendly"",Washer,Dryer,""Smoke detector"",""Carbon monoxide detector"",""Fire extinguisher"",Essentials,Shampoo,Hangers,""Hair dryer"",Iron,""Laptop friendly workspace""}",4,1.0,Real Bed,strict,True,DC,"Our English Basement apartment is the perfect location to call home while you are in DC. Easy access to the NOMA Metro, less than a 10 minute walk to the Convention Center and Union Station. Full 1 bedroom with separate pull out couch and comfortable for up to 4 people. The brand new kitchen and modern appliance are a perfect compliment to feeling right at home. It's a super comfortable English Basement with everything you need for a short or long stay. Full and private access. As needed. :) In an up and coming neighborhood close to everything. You can walk, bike, Metro, Uber and get everywhere in DC in 20 minutes or less!! NOMA Metro is 4-5 blocks away. When you leave the house turn left and follow N St right to the metro.",2016-10-08,t,t,98%,2014-05-04,f,2017-05-06,38.90816830608753,-77.01108415442481,Modern 1BD Near Metro & Convention,,23,97.0,https://a0.muscache.com/im/pictures/82babb57-bd3e-48e5-8d33-480dfdf8dcff.jpg?aki_policy=small,20001,1.0,3.0
10115137,6.163314804034643,House,Entire home/apt,"{TV,Internet,""Wireless Internet"",""Air conditioning"",Kitchen,""Free parking on premises"",""Indoor fireplace"",Heating,""Family/kid friendly"",Washer,Dryer,""Smoke detector"",""Carbon monoxide detector"",""Safety card"",""Fire extinguisher"",Essentials,Shampoo,""24-hour check-in"",Hangers,""Hair dryer"",Iron,""Laptop friendly workspace"",""Self Check-In"",Lockbox,""Private entrance"",Bathtub}",10,4.0,Real Bed,strict,True,LA,"This amazing architectural dream home is just 2 blocks to Venice Beach! It's beautifully furnished, spacious, with 3 bedrooms (with beds for 10!), 4 bathrooms, and a large private patio. You'll love staying in this comfortable home, steps from the sand, restaurants, shopping, etc. Walk in on the bottom floor the to living room with a large comfortable living space, beautifully furnished so you'll feel at home on your holiday. The kitchen and dining area are just off the living room. There is a  full bathroom with shower/tub combo off of the living room. Upstairs are 3 bedrooms and 3 bathrooms, both with queen beds and one with a pullout full sofabed, and the other with a twin trundle bed. The master has a king bed, and private bathroom. There are 2 parking spaces in the attached garage. Guests have access to the entire house, and 2 cars parking (tandem). Wifi, bed linens and towels are also included. I can meet guests when necessary, but guests are given self check in instructions and ",2015-05-29,t,t,97%,2015-05-19,f,2017-02-02,33.99299755801088,-118.47470436281151,Architectural Venice Beach Dream House!,Venice,44,86.0,,90291,3.0,5.0
19622613,4.59511985013459,Apartment,Entire home/apt,"{TV,""Cable TV"",Internet,""Wireless Internet"",""Air conditioning"",Kitchen,Heating,""Family/kid friendly"",Washer,Dryer,""Smoke detector"",""Carbon monoxide detector"",""First aid kit"",""Safety card"",""Fire extinguisher"",Essentials,Shampoo,""24-hour check-in"",Hangers,""Hair dryer"",Iron,""Laptop friendly workspace""}",4,1.0,Real Bed,moderate,True,DC,"Minutes from the Green Line, this modern 1 BR has all the amenities you'll need for your visit and is in walking distance to DC USA and the hip 11th Street commercial strip. Live like a local with fast Metro access to all the museums and monuments. We are equidistant from the Columbia Heights and Georgia Avenue/Petworth Metro stops on the Green Line.  Both are approximately 10 minutes away on foot.  There are also several bus lines that service the neighborhood.  Additionally, you can get around in the same manner as many locals do - via Uber or Lyft. We also have parking available onsite for $20/night.  If you wish to use the parking space available let us know and we'll send you an invoice through Airbnb. In effort to make your stay with us as enjoyable as possible, we have provided many necessities throughout the apartment that are available for purchase.  All of these items are clearly marked.  If you would like to purchase any of these items, simply take them and we will request p",2015-09-23,t,t,100%,2015-05-30,f,2017-05-06,38.932642015488895,-77.02683165111245,Modern & Cozy 1 BR Apt in CoHi,Columbia Heights,64,94.0,,20010,1.0,1.0
18362628,4.442651256490317,Apartment,Private room,"{""Wireless Internet"",""Air conditioning"",""Free parking on premises"",Breakfast,Heating,""Family/kid friendly"",Washer,Dryer,""Smoke detector"",""First aid kit"",Essentials,Shampoo,Hangers,""Hair dryer"",""translation missing: en.hosting_amenity_50""}",2,2.0,Real Bed,flexible,True,LA,"Charming yet Trendy Retreat- in my 2 bedroom with a den townhome. Clean and modern, cozy and adorable room! Across the street you will find a LA fitness, CVS, Smart and Final Extra (organic food section), Ross, Coffee Bean and more! 15 minutes from the beach and West Hollywood,10 minutes to Beverly hills,25 minutes to Hollywood. Central to all your Los Angeles needs. The 10 freeway is nearby and I am a short drive (7 minutes) to the charming downtown Culver City. The metro is very close as well. My home is a town home, so I do have stairs. Bedroom is on the 2nd floor. A queen memory foam bed. Great closet space and an adorable charming room. Tv in common area with DVD. Coffee provided. Microwave, refrigerator, stove, soda streamer and bullet blender available. Guest bath has all the essentials, and is a sliding shower door and bath tub. My home is Gated front and back entrance. It is tucked away in a cute courtyard behind the front house. Gated parking is also provided if needed. Guest",2017-02-05,t,t,100%,2017-01-27,f,2017-03-19,34.04347553543623,-118.38001427003695,Light and Airy private room RETREAT- Relax,,3,100.0,https://a0.muscache.com/im/pictures/ee5648d2-5fad-4003-96df-f965d4c551bc.jpg?aki_policy=small,90034,1.0,1.0
3860762,4.31748811353631,House,Entire home/apt,"{TV,""Cable TV"",Internet,""Wireless Internet"",""Air conditioning"",""Wheelchair accessible"",""Free parking on premises"",Dog(s),Heating,""Family/kid friendly"",Washer,Dryer,""Smoke detector"",""Carbon monoxide detector"",""First aid kit"",""Safety card"",""Fire extinguisher"",Essentials,Shampoo,""24-hour check-in"",Hangers,""Hair dryer"",Iron,""Laptop friendly workspace"",""translation missing: en.hosting_amenity_50""}",2,1.0,Real Bed,moderate,True,LA,"This private comfy house has everything you'll need, Including, New King bed, LG Flatscreen & Free WiFi/Cable/movies And you'll  Wake up to wild birds bathing in the fountain.and a sunny garden Comfortably fits two. Unit also boasts Kitchenette which includes mini fridge, microwave, hot plate, coffee maker, & filtered hot and cold water. As well as free HDTV  And WiFi.    Thus unit has been remodeled with new hard wood floor, furniture, appliances. Including new flat screen tv.  There is a gated parking spot and or plenty of street parking with out a permit out front.  Laundry facilities and Patio and Garden are available at your leisure,  As well as BBQ and fire pit. Also, their are several mountain bikes with locks to get around the city and or to the public transportation like the Red and Orange line station. Give me a heads up if interested.     Its a small 10 minute walk or a 5 minute bike ride to the public transportation, which takes you to Downtown Los Angeles or into the San F",2014-01-30,t,t,100%,2014-01-05,f,2017-04-05,34.178628391637034,-118.37225679583817,THE SECRET GARDEN -  GUEST HOUSE,North Hollywood,140,86.0,https://a0.muscache.com/im/pictures/55410266/f8a69f71_original.jpg?aki_policy=small,91606,1.0,1.0
17715373,4.634728988229637,Townhouse,Private room,"{TV,""Cable TV"",""Wireless Internet"",""Air conditioning"",Kitchen,""Pets live on this property"",Dog(s),""Indoor fireplace"",Heating,""Smoke detector"",""Carbon monoxide detector"",""Fire extinguisher"",Essentials,Hangers,""Hair dryer"",Iron,""Laptop friendly workspace"",""translation missing: en.hosting_amenity_49"",""translation missing: en.hosting_amenity_50""}",2,1.0,Real Bed,strict,True,NYC,"My place is close to cool restaurants like momofuku noodle bar, Veselka, Mudspot, Westville East, and Tompkins Square Bagels. You’ll love my place because of the sun light, the comfy big bed, the high ceilings, the coziness, and the large kitchen- not to mention a working fire-place! My place is good for solo adventurers and business travelers. We're close to a bunch of public transportation including busses and subways. One stop away from Williamsburg BK and close to Union Square. Townhouse apartment with fireplace. Very nicely furnished with a large farm-house dining table and lots of light. Very quiet bedroom as it faces a courtyard. 4 flight walk- up. Guests can access the bedroom and all common areas. We're busy people with unconventional schedules- so as much or as little as you'd like! We love to have a glass of wine in the evenings and give you restaurant referrals. Funky, hip and trendy East Village with tons of restaurants, shops, bars and nightlife. Close to two parks and al",,t,t,100%,2016-10-12,f,,40.72789663474303,-73.98640975556202,"Private Room, Very Large, Lots of Light, & Quiet",East Village,0,,https://a0.muscache.com/im/pictures/caf5aa59-3215-44e6-a88e-cea351ed4599.jpg?aki_policy=small,10003.0,1.0,1.0
2237591,4.700480365792417,Apartment,Private room,"{TV,Internet,""Wireless Internet"",Kitchen,""Free parking on premises"",""Hot tub"",Heating,""Smoke detector"",""Carbon monoxide detector"",""Fire extinguisher"",Essentials,Shampoo,""Lock on bedroom door"",""24-hour check-in"",Hangers,""Hair dryer"",Iron,""translation missing: en.hosting_amenity_49"",""translation missing: en.hosting_amenity_50""}",2,1.0,Real Bed,strict,True,LA,"Live your Weho dreams, and escape to your private city oasis, while staying close to everything. Apartment is minutes ( yes, minutes ) from SANTA MONICA BLVD with easy access to shopping like Fred Segal or Rodeo Drive. This wonderful neighborhood puts you at the heart of everything in Los Angeles. Private Bedroom ~Your room is Quiet, Comfortable, Clean and Cozy. Your room has lots of Closet space, TV, Netflix, Standing Mirror, Dresser, Two folding luggage racks and a large private bathroom. Kitchen, Internet, HIGH SPEED Wi Fi, and TV (Netflix) Iron, and blow dryer. Feel free to reach out to me anytime for help and assistance during your stay whether or not I am in L.A. I am always happy to assist with any recommendations on what to do while you are staying or addressing any issues that might arise. West Hollywood is seriously where it's at in Los Angeles with easy access to Hollywood for sightseeing (Grauman's Chinese Theatre, Hollywood Walk of Fame, Hollywood Sign, studio tours and mo",2016-10-09,t,t,100%,2016-03-21,t,2017-04-17,34.09230597288971,-118.36971951621099,Lovely Bedroom and Private Bathroom,,38,99.0,https://a0.muscache.com/im/pictures/8ce377d4-fda0-4a7d-a294-95698a5d3faa.jpg?aki_policy=small,90046,1.0,1.0
4098085,4.941642422609304,House,Entire home/apt,"{""Air conditioning"",Kitchen,""Free parking on premises"",""Smoking allowed"",""Pets live on this property"",Heating,""Suitable for events"",Washer,Dryer,""Smoke detector"",""Carbon monoxide detector"",""First aid kit"",""Fire extinguisher"",Essentials,Shampoo}",2,1.5,Real Bed,flexible,False,NYC,"Choosing to stay here, you get the best of NYC and Long Island with a private tour guide.  My background is in psychology and I grew up in the hospitality industry.   Should you decide to stay, your visit will truly be one of a kind",,t,t,,2015-08-13,f,,40.72563258717089,-73.72698377810639,Quaint Colonial with lots of charm,Jamaica,0,,,11426-1175,2.0,3.0
7007348,5.075173815233828,Apartment,Entire home/apt,"{TV,Internet,""Wireless Internet"",""Air conditioning"",Kitchen,""Hot tub"",""Buzzer/wireless intercom"",Heating,Washer,Dryer,""Smoke detector"",Essentials,Shampoo,Hangers,""Hair dryer"",Iron,""Laptop friendly workspace"",""translation missing: en.hosting_amenity_49"",""translation missing: en.hosting_amenity_50""}",3,1.0,Real Bed,strict,True,NYC,"Stay in a stylish, bright and quiet Brooklyn apartment in one of the best neighborhoods the city have to offer! Conveniently located right in between Carrol Gardens and Gowanus, you will be able to experience the best of both worlds! Stylish one bedroom apartment in the heart of Brooklyn. Conveniently located in between Carrol Gardens and Gowns you can experience the best of both worlds. Great restaurants and shopping in the Carrol gardens/Cobble Hill area and the Industrial and arty settings of Gowanus. The apartment has amazing natural light in both the livingroom/Kitchen and Bedroom with great views and a quiet setting.  Decoration is modern and sophisticated, with design furniture and great art. The Kitchen is fully equipped and great for cooking. There is a 4 seats dinning table great for dinning or working. The leaving room has a great sofa/bed couch. The bathroom is big and comfy with a great bathtub to relax after a long day in the city. The Bedroom is spacious, comfy bed, nigh",2016-05-29,t,f,90%,2015-07-21,f,2017-09-18,40.67789239689172,-73.9920540274918,Stylish and bright one bedroom,Gowanus,17,98.0,https://a0.muscache.com/im/pictures/cc7d769d-99d9-42fd-922d-3f30982ee189.jpg?aki_policy=small,11231,1.0,2.0
8649257,4.110873864173311,House,Entire home/apt,"{""Air conditioning"",Elevator,""Hot tub"",Heating,""Family/kid friendly"",""Suitable for events""}",3,0.5,Real Bed,flexible,True,NYC,"Gorgeous 3 bedroom apartment on 2nd floor of a 2 Family house. Featuring beautiful hardwood flooring, new bath and Kitchen Located in Jamaica close to public transportation.",,t,f,6%,2017-06-21,f,,40.68335391454313,-73.78191927414231,118th Ave,Jamaica,0,,https://a0.muscache.com/im/pictures/ae07bda9-4aab-4e4e-acfa-dba301be9bd8.jpg?aki_policy=small,11434,3.0,1.0
16145655,4.174387269895637,Other,Private room,"{TV,""Wireless Internet"",Kitchen,Heating,""Family/kid friendly"",Washer,Dryer,Essentials,Shampoo,Hangers}",2,1.5,Real Bed,flexible,False,NYC,"Рядом с моим жильем Rockaway Beach Surf Club, Thai Rock и Skudin Surf — Rockaway Beach.",,t,f,0%,2016-10-13,f,,40.58931425598501,-73.80087381324243,"Кеннаду Азропорт, пляж, серфинг пляж",The Rockaways,0,,https://a0.muscache.com/im/pictures/278c3cfd-ed70-4852-a7d6-46b7b8c2018a.jpg?aki_policy=small,11692,1.0,1.0
6645263,5.521460917862246,Apartment,Entire home/apt,"{TV,""Cable TV"",Internet,""Wireless Internet"",""Air conditioning"",Kitchen,""Buzzer/wireless intercom"",Heating,Washer,Dryer,""Smoke detector"",Essentials,Shampoo,Hangers,""Hair dryer"",""Laptop friendly workspace""}",4,1.0,Real Bed,moderate,True,NYC,"We love our apartment.  It is spacious for an apartment in lower Manhattan and is in the perfect location to enjoy everything that the city has to offer.  It is lived in by me 90% of the year, which means that the apartment comes fully stocked. - Hard wood floors throughout - Fully equipped kitchen - Free Wifi - Free Cable - 2 double bedrooms on two floors - 1 full bathroom with shower/bathtub - Shared outdoor terrace with basketball hoop - Shared washer/dryer room in building - Air conditioning in both bedrooms The East Village is an amazing neighbourhood, with tonnes of bars, restaurants and things to do.  The apartment is easy walking distance to Gramercy, Lower East Side, Noho, Nolita, Soho, Chinatown and Little Italy amongst others. The area is very well connected by bus and subway and brooklyn is easily accessible via the L train (a short walk) or via the Williamsburg Bridge (4 blocks away).  Most parts of downtown Manhattan are within easy walking distance.",2015-09-26,t,t,,2013-10-22,t,2017-01-03,40.7217845023995,-73.98212347501145,Spacious 2BR Duplex in East Village,Alphabet City,11,95.0,https://a0.muscache.com/im/pictures/106188739/0691e2f7_original.jpg?aki_policy=small,10009.0,2.0,2.0
6810307,4.248495242049359,House,Private room,"{TV,Internet,""Wireless Internet"",""Air conditioning"",Kitchen,Heating,""Family/kid friendly"",""Smoke detector"",""Carbon monoxide detector"",""First aid kit"",""Safety card"",""Fire extinguisher"",Essentials,Shampoo,""Lock on bedroom door"",""24-hour check-in"",""Hair dryer"",""Laptop friendly workspace"",""translation missing: en.hosting_amenity_50""}",2,1.0,Real Bed,flexible,False,NYC,"This comfy 1 Bedroom is located on the second floor of a two family house. Plush bed provides you hotel comfort. Shared full bathroom, living room with 2 couches, and a full kitchen. Quiet block though sometimes the neighbors may play loud music.  Located close to local airports (5min - JFK) (20min -LGA).  It's a perfect location for a layover flight, or when you want to come explore NYC. 10 min. away from Resorts Casino, 40 min. (by car) away from Manhattan!",2016-11-19,t,t,100%,2016-01-02,f,2017-09-21,40.67603226470176,-73.78216902556144,1 Bedroom (Full) Mins From JFK and Casino,Jamaica,10,98.0,https://a0.muscache.com/im/pictures/82f73ed9-89a9-4c38-9a03-ee82396a405b.jpg?aki_policy=small,11434,1.0,1.0
18985328,4.8283137373023015,Apartment,Entire home/apt,"{""Wireless Internet"",""Air conditioning"",Kitchen,Breakfast,Heating,""Smoke detector"",""Carbon monoxide detector"",""First aid kit"",""Safety card"",""Fire extinguisher"",Essentials,Shampoo,Hangers,""Hair dryer"",Iron,""Laptop friendly workspace"",""Self Check-In"",Lockbox,""Private entrance"",Microwave,""Coffee maker"",Refrigerator,""Dishes and silverware"",""Cooking basics"",Oven,Stove}",2,1.0,Real Bed,moderate,True,NYC,"Near many excellent restaurants, shopping and transportation, this charming apartment is entered from our front garden through its own entrance. This spacious unit is 1200 square feet, with a large bedroom, living room, eat in kitchen and bath with a tub.  While we are awaiting a cable connection, there is excellent Wifi and you can connect to movies and other entertainment. Cobble Hill is a historic neighborhood and this is a safe, green and friendly residential area. This is a large one bedroom apartment (about 1000 square feet), with a queen Bed in the bedroom, a full bath with tub, a living room and a separate eating area that looks out into our back garden. The kitchen is small but fully equipped, with a full size refrigerator, microwave, gas stove and oven, electric kettle, coffee maker and many cooking utensils. The apartment has is own entrance under the stoop stairs of our brownstone and we live on the other floors. Within walking distance are many subway lines (4/5,2/3, R,N,F",2017-07-28,t,t,100%,2016-06-06,t,2017-09-27,40.688494733795906,-73.99559947237795,Cobble Hill apartment with space and cozy charm,Cobble Hill,12,98.0,https://a0.muscache.com/im/pictures/8859e87c-942d-4461-ae0e-e73760425b9e.jpg?aki_policy=small,11201.0,1.0,1.0
20531744,3.5553480614894135,Apartment,Shared room,"{""Wireless Internet"",""Air conditioning"",Pool,Kitchen,Gym,""Elevator in building"",Washer,Dryer,""Smoke detector"",Hangers,""Hair dryer"",Iron,""Laptop friendly workspace"",""translation missing: en.hosting_amenity_49"",""translation missing: en.hosting_amenity_50""}",1,1.0,Real Bed,flexible,False,LA,"My place is close to Wilshere blvd. Metro Station Bus Station Downtown Hollywood , California Donuts, Bootleg Theatre, Marielas Taco. My place is good for solo adventurers and business travelers. There is two beds in one of the two rooms. One bed is available (Twin bed). There is no TV. The apartment is clean.",2016-10-04,t,f,,2016-10-01,t,2016-10-04,34.069284888257805,-118.29635661974676,Koreatown apartment (Clean and friendly),Mid-Wilshire,1,,https://a0.muscache.com/im/pictures/6fd14399-1ac9-421f-b289-04ddff747b93.jpg?aki_policy=small,90020,1.0,1.0
17408595,5.298317366548036,Apartment,Entire home/apt,"{TV,""Wireless Internet"",""Air conditioning"",Kitchen,Doorman,Elevator,Heating,Washer,Dryer,""Smoke detector"",""Carbon monoxide detector"",Essentials,Hangers,""translation missing: en.hosting_amenity_49"",""translation missing: en.hosting_amenity_50""}",2,1.0,Real Bed,strict,False,NYC,"Luxury Studio in Downtown Manhattan. Designed around the spectacular views of the city, the studio offers a cozy nook for reading, dining, or just lounging, all while soaking in the great view. - Free Wi-fi access - Stunning views - Hardwood Floor - Floor-to-Ceiling Windows - Water Filtration System - GE Stainless Steel Appliances - Dishwasher - Renovated bathroom - 24/7 Doorman You have access to the Studio only. I will be available if you have any questions. Right by the Brooklyn Bridge; Minutes from 9/11 Memorial Center, Battery Park, Soho and Tribeca. - Subways: J, Z, N, R, A, C, 4, 5, 6, 2, 3 etc. - Starbucks downstairs as well as many restaurants - Century 21 shopping mall by walking distance",2016-03-28,t,t,,2014-07-18,f,2016-04-16,40.711637011852375,-74.0061335838281,Cozy Studio by the Brooklyn Bridge,Financial District,2,100.0,https://a0.muscache.com/im/pictures/c24bc778-1db1-4063-abad-62f510b4c650.jpg?aki_policy=small,10038,0.0,1.0
